{
  "openapi": "3.0.0",
  "info": {
    "title": "Mobile App Shipping API",
    "description": "API documentation for the mobile app shipping service",
    "version": "1.0.0"
  },
  "servers": [
    {
      "url": "http://localhost:3000/api",
      "description": "Development server"
    }
  ],
  "components": {
    "securitySchemes": {
      "bearerAuth": {
        "type": "http",
        "scheme": "bearer",
        "bearerFormat": "JWT"
      }
    },
    "schemas": {
      "Shipment": {
        "type": "object",
        "properties": {
          "id": {
            "type": "string",
            "format": "uuid"
          },
          "userId": {
            "type": "string",
            "format": "uuid"
          },
          "pickupAddress": {
            "type": "string"
          },
          "deliveryAddress": {
            "type": "string"
          },
          "packageType": {
            "type": "string"
          },
          "weight": {
            "type": "number"
          },
          "dimensions": {
            "type": "object"
          },
          "specialInstructions": {
            "type": "string"
          },
          "status": {
            "type": "string",
            "enum": ["pending", "in_transit", "delivered", "cancelled"]
          },
          "currentLocation": {
            "type": "string"
          }
        }
      },
      "Error": {
        "type": "object",
        "properties": {
          "message": {
            "type": "string"
          },
          "error": {
            "type": "string"
          }
        }
      }
    }
  },
  "paths": {
    "/shipments": {
      "post": {
        "tags": ["Shipments"],
        "summary": "Create a new shipment",
        "security": [{ "bearerAuth": [] }],
        "requestBody": {
          "required": true,
          "content": {
            "application/json": {
              "schema": {
                "type": "object",
                "required": ["pickupAddress", "deliveryAddress", "packageType", "weight", "dimensions"],
                "properties": {
                  "pickupAddress": { "type": "string" },
                  "deliveryAddress": { "type": "string" },
                  "packageType": { "type": "string" },
                  "weight": { "type": "number" },
                  "dimensions": { "type": "object" },
                  "specialInstructions": { "type": "string" }
                }
              }
            }
          }
        },
        "responses": {
          "201": {
            "description": "Shipment created successfully",
            "content": {
              "application/json": {
                "schema": {
                  "type": "object",
                  "properties": {
                    "shipment": { "$ref": "#/components/schemas/Shipment" }
                  }
                }
              }
            }
          },
          "400": {
            "description": "Bad request",
            "content": {
              "application/json": {
                "schema": { "$ref": "#/components/schemas/Error" }
              }
            }
          }
        }
      },
      "get": {
        "tags": ["Shipments"],
        "summary": "Get all shipments for current user",
        "security": [{ "bearerAuth": [] }],
        "responses": {
          "200": {
            "description": "List of shipments",
            "content": {
              "application/json": {
                "schema": {
                  "type": "object",
                  "properties": {
                    "shipments": {
                      "type": "array",
                      "items": { "$ref": "#/components/schemas/Shipment" }
                    }
                  }
                }
              }
            }
          },
          "400": {
            "description": "Bad request",
            "content": {
              "application/json": {
                "schema": { "$ref": "#/components/schemas/Error" }
              }
            }
          }
        }
      }
    },
    "/shipments/{id}": {
      "get": {
        "tags": ["Shipments"],
        "summary": "Get shipment by ID",
        "security": [{ "bearerAuth": [] }],
        "parameters": [
          {
            "name": "id",
            "in": "path",
            "required": true,
            "schema": {
              "type": "string",
              "format": "uuid"
            }
          }
        ],
        "responses": {
          "200": {
            "description": "Shipment details",
            "content": {
              "application/json": {
                "schema": {
                  "type": "object",
                  "properties": {
                    "shipment": { "$ref": "#/components/schemas/Shipment" }
                  }
                }
              }
            }
          },
          "404": {
            "description": "Shipment not found",
            "content": {
              "application/json": {
                "schema": { "$ref": "#/components/schemas/Error" }
              }
            }
          }
        }
      },
      "put": {
        "tags": ["Shipments"],
        "summary": "Update shipment status",
        "security": [{ "bearerAuth": [] }],
        "parameters": [
          {
            "name": "id",
            "in": "path",
            "required": true,
            "schema": {
              "type": "string",
              "format": "uuid"
            }
          }
        ],
        "requestBody": {
          "required": true,
          "content": {
            "application/json": {
              "schema": {
                "type": "object",
                "required": ["status"],
                "properties": {
                  "status": {
                    "type": "string",
                    "enum": ["pending", "in_transit", "delivered", "cancelled"]
                  },
                  "currentLocation": {
                    "type": "string"
                  }
                }
              }
            }
          }
        },
        "responses": {
          "200": {
            "description": "Shipment status updated",
            "content": {
              "application/json": {
                "schema": {
                  "type": "object",
                  "properties": {
                    "shipment": { "$ref": "#/components/schemas/Shipment" }
                  }
                }
              }
            }
          },
          "404": {
            "description": "Shipment not found",
            "content": {
              "application/json": {
                "schema": { "$ref": "#/components/schemas/Error" }
              }
            }
          }
        }
      }
    },
    "/shipments/{id}/cancel": {
      "post": {
        "tags": ["Shipments"],
        "summary": "Cancel a shipment",
        "security": [{ "bearerAuth": [] }],
        "parameters": [
          {
            "name": "id",
            "in": "path",
            "required": true,
            "schema": {
              "type": "string",
              "format": "uuid"
            }
          }
        ],
        "responses": {
          "200": {
            "description": "Shipment cancelled successfully",
            "content": {
              "application/json": {
                "schema": {
                  "type": "object",
                  "properties": {
                    "message": {
                      "type": "string"
                    }
                  }
                }
              }
            }
          },
          "404": {
            "description": "Shipment not found or cannot be cancelled",
            "content": {
              "application/json": {
                "schema": { "$ref": "#/components/schemas/Error" }
              }
            }
          }
        }
      }
    }
  }
}